title,price,description,images,link
 CBK Solar Interaction Wall Lamp – Model BK-888-2,"22 د.إ 
Original price was: 22 د.إ.
16 د.إ
Current price is: 16 د.إ.","Illuminate Your Outdoors with Smart Solar Power

Light up your pathways, gardens, and entrances effortlessly with the CBK BK-888-2 Solar Interaction Wall Lamp. Designed with intelligent motion detection and energy-saving solar technology, it automatically brightens your outdoor spaces when needed — no wiring, no electricity bills, just reliable eco-friendly lighting.

 Key Features
 High-Efficiency Solar Panel

Built-in high-conversion solar panel charges during the day and powers bright LED lights through the night. Save energy and reduce costs while maintaining eco-conscious living.

 Smart Motion Sensor Technology

Equipped with intelligent PIR motion detection, the lamp automatically turns on when movement is detected and dims when inactive, ensuring both safety and efficiency.

 Long-Lasting Rechargeable Battery

Powered by a durable lithium battery, this lamp provides continuous illumination all night after a full charge. Ideal for areas without power outlets.

 Weather-Resistant Design

Constructed with IP65 waterproof material, the lamp withstands rain, wind, and heat — perfect for outdoor use in all seasons.

 Easy Installation

No need for complicated wiring — simply mount it on any wall or fence using included screws. Ideal for homes, gardens, garages, porches, driveways, or patios.",images/CBK Solar Interaction Wall Lamp  Model BK-888-2/img1.jpg|images/CBK Solar Interaction Wall Lamp  Model BK-888-2/img2.jpg|images/CBK Solar Interaction Wall Lamp  Model BK-888-2/img3.jpg|images/CBK Solar Interaction Wall Lamp  Model BK-888-2/img4.jpg,https://iqracart.com/product/%e2%98%80%ef%b8%8f-cbk-solar-interaction-wall-lamp-model-bk-888-2/
10 Perfume Combo for Men & Women | Long-Lasting Fragrance,"129 د.إ 
Original price was: 129 د.إ.
109 د.إ
Current price is: 109 د.إ.","A luxury combo of 10 exquisite perfumes designed for both men and women — featuring floral, oriental, woody, and fresh scents. Each 100ml bottle delivers elegance, long-lasting fragrance, and unique personality. Perfect for gifting or personal use.

Limited Offer: 10 Perfumes for only 109 AED!

 DETAILED DESCRIPTION
 Overview

Experience luxury in diversity with this exclusive 10 Perfume Combo Pack, curated with captivating fragrances to suit every mood and occasion. Each bottle blends premium aromatic notes inspired by the world’s finest perfumes.",images/10 Perfume Combo for Men  Women  Long-Lasting Fragrance/img1.jpg|images/10 Perfume Combo for Men  Women  Long-Lasting Fragrance/img2.jpg|images/10 Perfume Combo for Men  Women  Long-Lasting Fragrance/img3.jpg,https://iqracart.com/product/10-perfume-combo-for-men-women-long-lasting-fragrance-100ml-each/
18-in-1 Nail Care Kit | Manicure & Pedicure Tools,"25 د.إ 
Original price was: 25 د.إ.
19 د.إ
Current price is: 19 د.إ.","Keep your nails perfectly trimmed and clean with this 18-piece professional grooming kit. Designed for both men and women, it includes high-quality stainless steel tools for manicure, pedicure, facial care, and personal grooming — all neatly packed in a sleek red-and-black travel case.

 Overview

This 18-in-1 Grooming Kit combines elegance, durability, and functionality — ideal for nail, face, and hand care. Whether at home or on the go, this set ensures precision and hygiene in every grooming routine.

 What’s Included

3 × Nail clippers (large, medium, small)

1 × Cuticle nipper

1 × Scissors

1 × Tweezers

1 × Nail file

1 × Ear pick

2 × Acne needles

4 × Cuticle pushers and trimmers

3 × Blackhead extractors / precision tools

Total: 18 high-quality stainless steel pieces.",images/18-in-1 Nail Care Kit  Manicure  Pedicure Tools/img1.jpg|images/18-in-1 Nail Care Kit  Manicure  Pedicure Tools/img2.jpg|images/18-in-1 Nail Care Kit  Manicure  Pedicure Tools/img3.jpg,https://iqracart.com/product/18-in-1-nail-care-kit-manicure-pedicure-tools/
200W Solar Charging Floodlight with IP65 Waterproof Portable Design,"78 د.إ 
Original price was: 78 د.إ.
69 د.إ
Current price is: 69 د.إ.","Power and Light, Anywhere: The 200W Solar Charging Floodlight DT-919LP!

Experience quality lighting with the DAT DT-919LP Solar Floodlight. Featuring a powerful 200W output, this light delivers SUPER BRIGHT illumination for job sites, camping, or emergency situations. The robust design is WATERPROOF and rated IP65, guaranteeing performance in tough outdoor conditions. More than just a light, it includes DUAL USB ports and a LARGE CAPACITY battery, turning it into a portable power bank to charge your devices on the go!",images/200W Solar Charging Floodlight with IP65 Waterproof Portable Design/img1.jpg|images/200W Solar Charging Floodlight with IP65 Waterproof Portable Design/img2.jpg|images/200W Solar Charging Floodlight with IP65 Waterproof Portable Design/img3.jpg|images/200W Solar Charging Floodlight with IP65 Waterproof Portable Design/img4.jpg,https://iqracart.com/product/200w-solar-charging-floodlight-dt-919lp-portable-waterproof-ip65-work-light/
3X Elastic Bandage – Washable & Reusable Support Wrap,"30 د.إ 
Original price was: 30 د.إ.
25 د.إ
Current price is: 25 د.إ.","Support your joints and speed up your recovery with the Luting® 3X Elastic Bandage — the next generation of stretchable support wraps. Designed to stretch up to 3 times longer than traditional bandages, this premium-quality elastic bandage ensures a secure fit without slipping or sliding. It’s soft, breathable, washable, and reusable — perfect for injury recovery, joint support, or athletic performance.

 Key Features

3X Stretch Technology – Expands up to 3 times its original length, offering superior flexibility and comfort.

Secure & Non-Slip Fit – Stays firmly in place without sliding, even during movement.

Soft & Breathable Fabric – Provides lasting comfort and promotes better airflow for faster healing.

Reusable & Washable – Easy to clean and built to last, making it a cost-effective choice.

Universal Use – Perfect for wrapping ankles, knees, wrists, elbows, and more. Ideal for sports, physical therapy, or daily joint support.",images/3X Elastic Bandage  Washable  Reusable Support Wrap/img1.jpg|images/3X Elastic Bandage  Washable  Reusable Support Wrap/img2.jpg|images/3X Elastic Bandage  Washable  Reusable Support Wrap/img3.jpg|images/3X Elastic Bandage  Washable  Reusable Support Wrap/img4.jpg,https://iqracart.com/product/3x-elastic-bandage-washable-reusable-super-stretchable-support-wrap/
5-in-1 Mobile Creator Dock with Wireless Audio Station Hub Pro,"65 د.إ 
Original price was: 65 د.إ.
54 د.إ
Current price is: 54 د.إ.","Simplify Your Setup: The Ultimate Mobile Creator Hub

Stop juggling wires and running out of battery while streaming or recording! This all-in-one Mobile Creator Dock is the perfect solution for vloggers, gamers, and anyone who needs a high-quality, portable setup. It combines essential charging, stable phone support, and professional-grade wireless audio connectivity into a sleek, compact device. Power up your phone, capture crystal-clear sound, and stream on-the-go with unparalleled ease.",images/5-in-1 Mobile Creator Dock with Wireless Audio Station Hub Pro/img1.jpg|images/5-in-1 Mobile Creator Dock with Wireless Audio Station Hub Pro/img2.jpg|images/5-in-1 Mobile Creator Dock with Wireless Audio Station Hub Pro/img3.jpg|images/5-in-1 Mobile Creator Dock with Wireless Audio Station Hub Pro/img4.jpg|images/5-in-1 Mobile Creator Dock with Wireless Audio Station Hub Pro/img5.jpg,https://iqracart.com/product/5-in-1-mobile-creator-dock-wireless-audio-station-phone-stand-power-bank-microphone-hub/
540 Needles Derma Roller | Skin Rejuvenation & Collagen Therapy Tool,"21 د.إ 
Original price was: 21 د.إ.
16 د.إ
Current price is: 16 د.إ.","Achieve smoother, younger-looking skin with this 540-needle Derma Roller. Designed for skin regeneration, anti-aging, and collagen stimulation — it enhances serum absorption and improves overall skin texture.

 Overview

The 540 Needle Derma Roller is a professional-grade skincare tool that promotes natural skin healing and rejuvenation. By creating micro-punctures on the skin’s surface, it stimulates collagen and elastin production, reducing fine lines, scars, and wrinkles for a firmer, more radiant complexion.

 Key Benefits

Stimulates Collagen & Elastin: Improves skin elasticity and firmness.

Reduces Fine Lines & Wrinkles: Promotes smoother and younger-looking skin.

Fades Acne Scars & Pigmentation: Boosts skin regeneration and renewal.

Enhances Product Absorption: Maximizes the effectiveness of serums and creams.

Safe & Easy to Use: Ergonomic handle with high-quality titanium micro-needles.

 How to Use

Cleanse your face thoroughly and pat dry.

Disinfect the roller before and after each use.

Gently roll over the skin vertically, horizontally, and diagonally (avoid excessive pressure).

Apply a soothing serum or moisturizer after rolling.

Use 2–3 times a week for best results.",images/540 Needles Derma Roller  Skin Rejuvenation  Collagen Therapy Tool/img1.jpg|images/540 Needles Derma Roller  Skin Rejuvenation  Collagen Therapy Tool/img2.jpg|images/540 Needles Derma Roller  Skin Rejuvenation  Collagen Therapy Tool/img3.jpg,https://iqracart.com/product/540-needles-derma-roller-skin-rejuvenation-collagen-therapy-tool/
8-Inch Oscillating Clip Fan with 2200 RPM Adjustable Speed Power,"45 د.إ 
Original price was: 45 د.إ.
39 د.إ
Current price is: 39 د.إ.","Stay Cool Anywhere: The Powerful 8″ Clip Fan

Beat the heat with our versatile and powerful 8-Inch Clip Fan. Designed for maximum portability, this fan easily clips onto desks, shelves, beds, or cubicle walls, providing targeted cooling right where you need it. Despite its compact size, it delivers substantial airflow thanks to its 2200 RPM motor. Plus, with adjustable speeds and 90° oscillation, you can customize your breeze for personal comfort or room circulation. Perfect for dorms, offices, and workshops!",images/8-Inch Oscillating Clip Fan with 2200 RPM Adjustable Speed Power/img1.jpg|images/8-Inch Oscillating Clip Fan with 2200 RPM Adjustable Speed Power/img2.jpg|images/8-Inch Oscillating Clip Fan with 2200 RPM Adjustable Speed Power/img3.jpg|images/8-Inch Oscillating Clip Fan with 2200 RPM Adjustable Speed Power/img4.jpg|images/8-Inch Oscillating Clip Fan with 2200 RPM Adjustable Speed Power/img5.jpg,https://iqracart.com/product/8-inch-oscillating-clip-fan-2-speed-adjustable-desk-fan-with-2200-rpm-power/
Adjustable Counting Grip – Hand & Forearm Strength Trainer,42 د.إ," Product Overview

Enhance your grip strength, build forearm muscles, and improve overall hand endurance with the Adjustable Counting Grip Strengthener. This compact yet powerful fitness tool features adjustable resistance and a built-in digital counter, making it ideal for athletes, fitness enthusiasts, musicians, and anyone recovering from hand or wrist injuries.

 Key Features

 Adjustable Resistance: Easily customize the tension to suit your fitness level or rehabilitation needs. Perfect for beginners and professionals alike.

 Smart Counting Display: Track your reps effortlessly with the built-in digital counter, helping you stay consistent and motivated.

 High-Strength Spring: Built with a durable, heavy-duty spring that ensures smooth resistance and long-lasting performance.

 Ergonomic Non-Slip Handle: Designed for maximum comfort and grip during use, even in longer training sessions.

 Versatile Training Tool: Strengthens fingers, wrists, hands, and forearms — ideal for athletes, climbers, drummers, and rehabilitation exercises.",images/Adjustable Counting Grip  Hand  Forearm Strength Trainer/img1.jpg|images/Adjustable Counting Grip  Hand  Forearm Strength Trainer/img2.jpg|images/Adjustable Counting Grip  Hand  Forearm Strength Trainer/img3.jpg|images/Adjustable Counting Grip  Hand  Forearm Strength Trainer/img4.jpg|images/Adjustable Counting Grip  Hand  Forearm Strength Trainer/img5.jpg,https://iqracart.com/product/adjustable-counting-grip-hand-forearm-strength-trainer/
Adjustable Hand Grip Strengthener with Smart Count,"50 د.إ 
Original price was: 50 د.إ.
35 د.إ
Current price is: 35 د.إ.","Upgrade your strength training with the Adjustable Counting Grip. This isn’t your average hand squeezer; it’s a smart training partner designed to push your limits and measure your success.

The standout feature is the Smart Count mechanism. A mechanical counter built right into the handle automatically clicks and records every single repetition, so you can stop focusing on counting and start focusing on your form. When you’re finished with your set, just press the easy-access reset button at the base to spin the counter back to “00”.

This gripper grows with you. The Adjustable Force knob allows you to dial in the perfect level of resistance. Whether you’re just starting your strength journey, recovering from an injury, or an advanced athlete looking to build crushing grip strength, you can easily increase the tension as you get stronger.

Built for comfort and durability, the ergonomic handles fit perfectly in your palm, while the non-slip textured grips ensure it stays secure, even during the most intense workouts. The robust, high-strength spring is engineered to withstand countless reps, providing consistent resistance every time.

Perfect for carrying in a gym bag or keeping at your desk, this adjustable hand grip is the most efficient way to build functional strength in your hands, wrists, and forearms.

 

Product Specifications

 

Product Type: Adjustable Hand Grip Strengthener
Key Features: Built-in Rep Counter, Adjustable Resistance Knob
Material: High-Strength Steel Spring, Durable Plastic Body, Soft-Touch Grip
Color: Black / Grey
Counter: Mechanical 2-digit display (00-99)
Counter Reset: Manual “R ST/CLR” button",images/Adjustable Hand Grip Strengthener with Smart Count/img1.jpg|images/Adjustable Hand Grip Strengthener with Smart Count/img2.jpg|images/Adjustable Hand Grip Strengthener with Smart Count/img3.jpg|images/Adjustable Hand Grip Strengthener with Smart Count/img4.jpg|images/Adjustable Hand Grip Strengthener with Smart Count/img5.jpg,https://iqracart.com/product/adjustable-hand-grip-strengthener-with-smart-counter/
Adjustable Roller Skates Comfortable & Smooth Ride,"180 د.إ 
Original price was: 180 د.إ.
160 د.إ
Current price is: 160 د.إ.","Glide smoothly and confidently with our Adjustable Inline Roller Skates, designed for beginners, intermediate skaters, and pros alike. Made with a durable frame, high-performance wheels, and a secure locking system, these skates offer the perfect blend of speed, comfort, and stability. Whether you’re skating outdoors, at the park, or in a skating rink, these skates guarantee a smooth and enjoyable ride every time.

 Key Features

 Adjustable Size – Easily adjust the skates to fit growing feet, making them ideal for kids, teens, and adults.

 High-Performance PU Wheels – Smooth-rolling, shock-absorbing wheels for excellent grip and control on any surface.

 Comfortable Inner Padding – Soft, breathable liner ensures maximum comfort, even during long skating sessions.

 Triple Locking System – Secure fit with lace-up closure, adjustable strap, and safety buckle for added ankle support.

 Durable Frame & Build – Strong chassis provides stability, balance, and long-lasting performance.

 Smooth & Silent Ride – Precision bearings deliver speed and fluid motion with minimal effort.",images/Adjustable Roller Skates Comfortable  Smooth Ride/img1.jpg|images/Adjustable Roller Skates Comfortable  Smooth Ride/img2.jpg|images/Adjustable Roller Skates Comfortable  Smooth Ride/img3.jpg|images/Adjustable Roller Skates Comfortable  Smooth Ride/img4.jpg|images/Adjustable Roller Skates Comfortable  Smooth Ride/img5.jpg,https://iqracart.com/product/adjustable-inline-roller-skates-comfortable-durable-smooth-ride-for-all-ages/
Aloe Vera Foam Face Wash for Acne & Oil Control (100ml),"15 د.إ 
Original price was: 15 د.إ.
13 د.إ
Current price is: 13 د.إ.","Achieve a Clear, Shine-Free Complexion with Touch Me! Please Face Wash

Struggling with oily skin and unwanted breakouts? Discover the refreshing, gentle solution with the Touch Me! Please Aloe Vera Foam Face Wash. Expertly formulated in Thailand, this daily cleanser is your first step towards a calmer, clearer, and more confident complexion.

Our rich foaming formula dives deep into pores to remove dirt, excess oil, and impurities without stripping your skin of its natural moisture. Enriched with the soothing power of natural Aloe Vera, it helps to reduce redness and irritation associated with acne, leaving your skin feeling soft, hydrated, and perfectly balanced.",images/Aloe Vera Foam Face Wash for Acne  Oil Control 100ml/img1.jpg|images/Aloe Vera Foam Face Wash for Acne  Oil Control 100ml/img2.jpg|images/Aloe Vera Foam Face Wash for Acne  Oil Control 100ml/img3.jpg|images/Aloe Vera Foam Face Wash for Acne  Oil Control 100ml/img4.jpg,https://iqracart.com/product/aloe-vera-foam-face-wash-for-acne-oil-control-100ml-touch-me-please/
Apple Ammonia-Free Hair Color Gel with 100% Gray Coverage Black,"45 د.إ 
Original price was: 45 د.إ.
39 د.إ
Current price is: 39 د.إ.","Get naturally black, shiny hair in minutes with Apple Ammonia-Free Hair Color Gel. Gentle on hair and scalp, this non-toxic formula delivers 100% gray coverage with a fresh apple fragrance.

Transform your look instantly with Apple Ammonia-Free Hair Color Gel, specially formulated for safe, fast, and effective gray hair coverage. Designed for both men and women, this professional hair color gel delivers a natural black finish while keeping your hair soft, healthy, and radiant.

The ammonia-free, lead-free formula is gentle on the scalp and hair, making it suitable for regular use. Enriched with apple essence, it leaves your hair with a fresh, pleasant fragrance and long-lasting color that looks natural and even.

Perfect for home use, this easy-to-apply gel works in just 8–10 minutes, saving time while delivering salon-quality results.",images/Apple Ammonia-Free Hair Color Gel with 100 Gray Coverage Black/img1.jpg|images/Apple Ammonia-Free Hair Color Gel with 100 Gray Coverage Black/img2.jpg|images/Apple Ammonia-Free Hair Color Gel with 100 Gray Coverage Black/img3.jpg|images/Apple Ammonia-Free Hair Color Gel with 100 Gray Coverage Black/img4.jpg,https://iqracart.com/product/apple-ammonia-free-hair-color-gel-100-gray-coverage-long-lasting-natural-black-for-men-women/
ARMAN Eau de Perfume from Lavish Perfumes (100ml / 3.4 fl.oz),"75 د.إ 
Original price was: 75 د.إ.
63 د.إ
Current price is: 63 د.إ.","Define Your Presence with ARMAN.

Discover ARMAN by Lavish Perfumes, an Eau de Parfum crafted for the discerning individual who embodies grace and confidence. This fragrance is a celebration of refined taste, blending classic notes with a contemporary twist to create a truly unforgettable aroma. Each spray unveils a symphony of scents that lingers beautifully, making a subtle yet powerful statement.

The elegant bottle and packaging reflect the sophisticated nature of the fragrance within. Its clean design and prominent branding highlight its premium quality. Proudly produced in the UAE and holding the Emirates Quality Mark, ARMAN stands for authenticity and excellence.

Whether you’re attending a formal event, heading to the office, or enjoying a casual outing, ARMAN is the perfect complement to your personal style, leaving an indelible mark wherever you go.

Scent Profile:

Top Notes: Fresh Bergamot, Hint of Black Pepper
Heart Notes: Delicate Floral Accord, Cedarwood
Base Notes: Rich Amber, Patchouli, Soft Musk

(Note: The scent profile is an interpretation based on the product’s name and branding. This can be customized to match the actual fragrance notes.)

Key Features:

Elegant & Timeless Scent: A sophisticated fragrance that balances classic charm with modern appeal.
Long-Lasting Formula: As an Eau de Parfum with 80% Vol. concentration, it ensures a durable and impactful aroma.
Generous Volume: A substantial 100ml bottle provides ample supply for regular use.
Premium Presentation: Housed in a chic glass bottle and a refined box, ideal for gifting or personal indulgence.
Quality Assured: Certified with the Emirates Quality Mark (NB-0019), guaranteeing adherence to high standards.
Authentically Produced: Developed and manufactured in the UAE.

Specifications:

Brand: Lavish Perfumes
Fragrance Name: ARMAN
Type: Eau de Parfum (EDP)
Volume: 100ml e / 3.4 fl.oz
Alcohol Content: 80% Vol.
Main Ingredients: Denatured Ethyl Alcohol, Fragrance, Distilled Water (Aqua).
Origin: Made in UAE

How to Use & Safety Information:

Application: For best results, spray evenly onto pulse points such as your wrists, inner elbows, and neck.
Warnings:
Flammable until dry. Keep away from heat and open flame.
Avoid direct contact with eyes.
Keep out of reach of children.
For external use only.",images/ARMAN Eau de Perfume from Lavish Perfumes 100ml  34 floz/img1.jpg|images/ARMAN Eau de Perfume from Lavish Perfumes 100ml  34 floz/img2.jpg|images/ARMAN Eau de Perfume from Lavish Perfumes 100ml  34 floz/img3.jpg,https://iqracart.com/product/arman-eau-de-perfume-from-lavish-perfumes-100ml-3-4-fl-oz/
"Avocado Face Wash – Deep Cleanse, Whitening & Anti-Aging (100ml)","17 د.إ 
Original price was: 17 د.إ.
15 د.إ
Current price is: 15 د.إ.","Refresh and purify your skin with the Touch Me PLEASE Avocado Face Wash. This gentle, oil-free foaming cleanser deeply removes impurities while harnessing the anti-aging power of natural avocado extract. Rich in Vitamins E & B, it helps to brighten the complexion, reduce the appearance of fine lines, and leave your skin feeling clean, smooth, and revitalized.

Detailed Description: Discover the secret to a radiant and youthful complexion with the Touch Me PLEASE Avocado Face Wash. Designed as a gentle, soap-free alternative, this cleanser provides an effective deep cleanse to wash away daily dirt, excess oil, and makeup residue without stripping the skin’s natural moisture.

The formula is enriched with natural Avocado Extract, a powerhouse of nutrients including Vitamins E and B. These powerful antioxidants help combat the signs of aging by reducing the appearance of fine lines and wrinkles. This face wash works to refine skin texture, promote a brighter, more even skin tone, and restore a healthy glow. Suitable for all skin types, its rich foaming action makes your daily cleansing routine a refreshing experience.

 ",images/Avocado Face Wash  Deep Cleanse Whitening  Anti-Aging 100ml/img1.jpg|images/Avocado Face Wash  Deep Cleanse Whitening  Anti-Aging 100ml/img2.jpg|images/Avocado Face Wash  Deep Cleanse Whitening  Anti-Aging 100ml/img3.jpg,https://iqracart.com/product/avocado-face-wash-deep-cleanse-whitening-anti-aging-100ml-touch-me-please/
Ball-Blowing Train Atomizing Humidifier Toy with Lights Music,"39 د.إ 
Original price was: 39 د.إ.
29 د.إ
Current price is: 29 د.إ.","Make playtime more exciting and relaxing with this Ball-Blowing Train Atomizing Humidifier, a fun and interactive toy that combines entertainment with gentle mist spray. Designed in a colorful train shape, it captures children’s attention while creating a soothing and playful environment.

The train features a spray (mist) function that mimics steam coming from the chimney, along with dynamic music and colorful LED lights that enhance sensory engagement. Its universal moving design allows it to move smoothly, making it fun to watch and play with.

Perfect for kids’ rooms, play areas, or as a unique gift, this multifunctional toy helps create a cheerful atmosphere while doubling as a decorative humidifier effect. Safe, engaging, and visually appealing, it’s ideal for children who love lights, sounds, and motion.",images/Ball-Blowing Train Atomizing Humidifier Toy with Lights Music/img1.jpg|images/Ball-Blowing Train Atomizing Humidifier Toy with Lights Music/img2.jpg|images/Ball-Blowing Train Atomizing Humidifier Toy with Lights Music/img3.jpg|images/Ball-Blowing Train Atomizing Humidifier Toy with Lights Music/img4.jpg,https://iqracart.com/product/ball-blowing-train-atomizing-humidifier-toy-with-lights-music-spray-function/
Blueidea Mini Fascial Gun – Deep Muscle Massage (Model BLD-668),"40 د.إ 
Original price was: 40 د.إ.
31 د.إ
Current price is: 31 د.إ.","Your Personal Deep Tissue Massage Therapist

Relieve soreness, boost recovery, and restore energy with the Blueidea Mini Fascial Gun BLD-668 — a compact yet powerful deep muscle massager designed for everyday use. Featuring four interchangeable massage heads, this device targets specific muscle groups for tailored relief and improved performance.

 Key Features

4 Specialty Massage Heads
Customizable attachments for different muscle groups — ideal for back, shoulders, legs, and arms.

Deep Muscle Penetration
High-frequency percussive motion that reaches deep muscle layers to relieve stiffness and knots.

Compact & Lightweight Design
Portable, ergonomic, and travel-friendly — perfect for the gym, office, or home use.

USB Rechargeable
Long-lasting battery with 5V charging for convenience and mobility.

Quiet & Powerful Motor
Engineered to deliver powerful relief with minimal noise for a relaxing experience.",images/Blueidea Mini Fascial Gun  Deep Muscle Massage Model BLD-668/img1.jpg|images/Blueidea Mini Fascial Gun  Deep Muscle Massage Model BLD-668/img2.jpg|images/Blueidea Mini Fascial Gun  Deep Muscle Massage Model BLD-668/img3.jpg|images/Blueidea Mini Fascial Gun  Deep Muscle Massage Model BLD-668/img4.jpg,https://iqracart.com/product/blueidea-mini-fascial-gun-deep-muscle-massage-model-bld-668/
Brut Eau de Toilette for Men – 100ml | Classic Masculine Fragrance,"35 د.إ 
Original price was: 35 د.إ.
29 د.إ
Current price is: 29 د.إ.","Experience timeless sophistication with Brut Eau de Toilette — a bold, fresh, and masculine scent that defines confidence and charm.

 Overview

Brut Eau de Toilette is a legendary men’s fragrance that has stood the test of time. Known for its strong, clean, and distinctive aroma, this classic scent blends spicy, woody, and aromatic notes for a confident and long-lasting impression. Perfect for the modern gentleman who values tradition and elegance.

 Fragrance Notes

Top Notes: Lemon, Bergamot, and Anise

Heart Notes: Geranium, Lavender, and Basil

Base Notes: Sandalwood, Oakmoss, and Musk",images/Brut Eau de Toilette for Men  100ml  Classic Masculine Fragrance/img1.jpg|images/Brut Eau de Toilette for Men  100ml  Classic Masculine Fragrance/img2.jpg|images/Brut Eau de Toilette for Men  100ml  Classic Masculine Fragrance/img3.jpg,https://iqracart.com/product/brut-eau-de-toilette-for-men-100ml-classic-masculine-fragrance/
Caliph Hamraa Ahwa Eau de Parfum – 100ml | Oriental Luxury Unisex Fragrance,"45 د.إ 
Original price was: 45 د.إ.
37 د.إ
Current price is: 37 د.إ.","An elegant oriental blend that radiates warmth and sophistication. Hamraa Ahwa by Caliph offers a perfect fusion of spicy, woody, and sweet notes — a true expression of Arabian luxury.

 Overview

Caliph Hamraa Ahwa Eau de Parfum is a masterfully crafted fragrance designed for those who appreciate depth, richness, and distinction. With its amber heart, smoky undertones, and hints of spice, this perfume captures the essence of refined Arabian elegance. Suitable for both men and women, it’s the ideal scent for evening wear or special occasions.

 Fragrance Notes

Top Notes: Saffron, Cinnamon, and Bergamot

Heart Notes: Amber, Rose, and Cedarwood

Base Notes: Oud, Vanilla, and Musk",images/Caliph Hamraa Ahwa Eau de Parfum  100ml  Oriental Luxury Unisex Fragrance/img1.jpg|images/Caliph Hamraa Ahwa Eau de Parfum  100ml  Oriental Luxury Unisex Fragrance/img2.jpg|images/Caliph Hamraa Ahwa Eau de Parfum  100ml  Oriental Luxury Unisex Fragrance/img3.jpg,https://iqracart.com/product/caliph-hamraa-ahwa-eau-de-parfum-100ml-oriental-luxury-unisex-fragrance/
Coffee & Turmeric Face Wash – Deep Cleanse & Oil Free (100ml),"15 د.إ 
Original price was: 15 د.إ.
13 د.إ
Current price is: 13 د.إ.","Awaken and purify your skin with the Touch Me PLEASE Coffee & Turmeric Face Wash. This energizing, oil-free cleanser provides a deep cleanse to remove impurities, while natural coffee gently exfoliates and brightens. Infused with turmeric for its powerful antiseptic and preventative properties, this face wash helps reduce redness and control breakouts, leaving your skin clear, smooth, and revitalized.

Detailed Description: Energize your daily skincare routine with the invigorating Touch Me PLEASE Coffee & Turmeric Face Wash. Expertly formulated to deeply cleanse and purify, this foaming cleanser effectively removes excess oil, dirt, and impurities, leaving your complexion feeling fresh and ready to face the day.

This powerful formula harnesses the natural benefits of its key ingredients. Coffee acts as a gentle exfoliant, helping to slough away dead skin cells to reveal a brighter, smoother, and more even-toned appearance. It also helps to reduce inflammation and redness. The addition of Turmeric, renowned for its natural antiseptic and preventative qualities, works to combat acne-causing bacteria and prevent future breakouts. This makes it an ideal choice for achieving a clear, balanced, and healthy-looking complexion.",images/Coffee  Turmeric Face Wash  Deep Cleanse  Oil Free 100ml/img1.jpg|images/Coffee  Turmeric Face Wash  Deep Cleanse  Oil Free 100ml/img2.jpg|images/Coffee  Turmeric Face Wash  Deep Cleanse  Oil Free 100ml/img3.jpg|images/Coffee  Turmeric Face Wash  Deep Cleanse  Oil Free 100ml/img4.jpg,https://iqracart.com/product/coffee-turmeric-face-wash-deep-cleanse-oil-free-100ml-touch-me-please/
Colors Pour Femme Eau de Parfum – 100ml | Gianni Venturi,"42 د.إ 
Original price was: 42 د.إ.
31 د.إ
Current price is: 31 د.إ.","A bright, feminine fragrance that celebrates confidence and color. Colors Pour Femme by Gianni Venturi blends floral and fruity notes to create an irresistibly cheerful and elegant scent for everyday wear.

 Overview

Bring vibrance and charm to your day with Gianni Venturi Colors Pour Femme Eau de Parfum. Inspired by the beauty of diversity and modern femininity, this perfume combines fresh citrus, soft florals, and warm musk to leave a lasting impression of joy and sophistication.

 Fragrance Notes

Top Notes: Bergamot, Peach, and Mandarin

Heart Notes: Jasmine, Rose, and Lily of the Valley

Base Notes: Musk, Vanilla, and Sandalwood",images/Colors Pour Femme Eau de Parfum  100ml  Gianni Venturi/img1.jpg|images/Colors Pour Femme Eau de Parfum  100ml  Gianni Venturi/img2.jpg|images/Colors Pour Femme Eau de Parfum  100ml  Gianni Venturi/img3.jpg,https://iqracart.com/product/colors-pour-femme-eau-de-parfum-100ml-gianni-venturi/
Colors Pour Homme Eau de Parfum – 100ml | Gianni Venturi,"42 د.إ 
Original price was: 42 د.إ.
31 د.إ
Current price is: 31 د.إ.","A vibrant and masculine fragrance that captures strength, style, and confidence. Colors Pour Homme by Gianni Venturi blends fresh citrus, spicy woods, and warm amber for a bold, long-lasting scent perfect for any occasion.

 Overview

Step into sophistication with Gianni Venturi Colors Pour Homme Eau de Parfum, a dynamic scent designed for the modern man. The fragrance opens with crisp, refreshing notes and settles into a deep, woody base that leaves a memorable trail wherever you go.

 Fragrance Notes

Top Notes: Lemon, Bergamot, and Green Apple

Heart Notes: Black Pepper, Lavender, and Geranium

Base Notes: Amber, Musk, and Cedarwood",images/Colors Pour Homme Eau de Parfum  100ml  Gianni Venturi/img1.jpg|images/Colors Pour Homme Eau de Parfum  100ml  Gianni Venturi/img2.jpg|images/Colors Pour Homme Eau de Parfum  100ml  Gianni Venturi/img3.jpg,https://iqracart.com/product/colors-pour-homme-eau-de-parfum-100ml-gianni-venturi/
Concord 8-in-1 Stainless Steel Manicure & Pedicure Kit | Travel Nail Care Set,"42 د.إ 
Original price was: 42 د.إ.
36 د.إ
Current price is: 36 د.إ.","A compact and elegant 8-piece stainless steel grooming kit designed for precision nail care. Comes in a premium brown leather case — perfect for home, travel, or gifting.

 Overview

Keep your nails clean and perfectly shaped with the Concord 8-in-1 Grooming Kit. Crafted with high-grade stainless steel tools housed in a stylish brown travel case, this set offers everything you need for professional nail care at home or on the go.

 What’s Included

Nail clipper

Nail scissors

Nail file

Cuticle trimmer

Tweezers

Ear pick

Nail cleaner

Multi-tool for shaping and polishing

Total: 8 precision stainless steel tools",images/Concord 8-in-1 Stainless Steel Manicure  Pedicure Kit  Travel Nail Care Set/img1.jpg|images/Concord 8-in-1 Stainless Steel Manicure  Pedicure Kit  Travel Nail Care Set/img2.jpg,https://iqracart.com/product/concord-8-in-1-stainless-steel-manicure-pedicure-kit-travel-nail-care-set/
"Digital Quran Reading Pen with Speaker, 3GB Memory Portable","155 د.إ 
Original price was: 155 د.إ.
135 د.إ
Current price is: 135 د.إ.","Transform your Quran reading experience with the revolutionary Digital Quran Reading Pen. This sophisticated device offers a seamless and interactive way to engage with the Holy Book. Designed for all ages, it breaks down barriers to learning by providing accurate, verse-by-verse audio from renowned Qaris (reciters). The intuitive functionality allows you to instantly play audio, repeat verses, record your own recitation, and compare it for improvement. With its compact size and powerful features, this pen is an indispensable tool for deepening your faith and mastering the Quran.",images/Digital Quran Reading Pen with Speaker 3GB Memory Portable/img1.jpg|images/Digital Quran Reading Pen with Speaker 3GB Memory Portable/img2.jpg|images/Digital Quran Reading Pen with Speaker 3GB Memory Portable/img3.jpg|images/Digital Quran Reading Pen with Speaker 3GB Memory Portable/img4.jpg|images/Digital Quran Reading Pen with Speaker 3GB Memory Portable/img5.jpg,https://iqracart.com/product/digital-quran-reading-pen-smart-portable-reader-with-built-in-speaker-3gb-memory-ideal-for-learning-recitation/
Dual Fan Mist Humidifier with 3-Speed Rechargeable Cooling Power,"45 د.إ 
Original price was: 45 د.إ.
36 د.إ
Current price is: 36 د.إ.","Beat the Heat and Dryness with the Ultimate Personal Cooler!

Experience a new level of comfort with our Double-ended Spray Fan. Featuring two powerful fans and an integrated Cool Mist function, this device delivers a refreshing, moisturized breeze to keep you cool without the discomfort of dry air. With 3 adjustable speeds and a lightweight, portable design, it’s the perfect companion for your desk, bedside, or travel. Stay cool, stay moist, and feel comfortable anywhere!

Features That Define Comfort
Feature	Detail	Benefit for You
Double-Ended Design	Two independent, powerful fans stacked vertically.	Maximize airflow and cooling coverage for superior relief.
Cool Mist Spray	Integrated humidification function.	Enjoy a moist, comfortable breeze that combats dry skin and air.
3-Speed Control	Easily adjustable fan speeds (Low, Medium, High).	Customize the airflow intensity to match your personal cooling needs.
Rechargeable & Portable	Built-in battery and lightweight design with a handle.	Use it cord-free anywhere—office, bedroom, camping, or travel.
Whisper Quiet	Designed to operate with minimal noise.	Sleep, work, or relax without disruptive fan noise.
Stylish & Compact	Modern tower design that saves space.	Looks great on any desk, nightstand, or counter.",images/Dual Fan Mist Humidifier with 3-Speed Rechargeable Cooling Power/img1.jpg|images/Dual Fan Mist Humidifier with 3-Speed Rechargeable Cooling Power/img2.jpg|images/Dual Fan Mist Humidifier with 3-Speed Rechargeable Cooling Power/img3.jpg|images/Dual Fan Mist Humidifier with 3-Speed Rechargeable Cooling Power/img4.jpg|images/Dual Fan Mist Humidifier with 3-Speed Rechargeable Cooling Power/img5.jpg|images/Dual Fan Mist Humidifier with 3-Speed Rechargeable Cooling Power/img6.jpg,https://iqracart.com/product/dual-fan-mist-humidifier-3-speed-portable-spray-cooling-fan-rechargeable-personal-desktop-cooler/
E99 Drone Pro – WiFi Real-Time HD Camera Drone,"60 د.إ 
Original price was: 60 د.إ.
49 د.إ
Current price is: 49 د.إ."," Product Overview

The E99 Drone Pro is a foldable, lightweight, and high-performance drone designed for both beginners and enthusiasts. With its WiFi real-time HD camera, you can stream and capture stunning aerial views directly to your smartphone.

Compact, portable, and feature-rich, this drone lets you fly, film, and explore the world like never before. Perfect for outdoor adventures, travel, and creative photography!

 Key Features

 HD WiFi Camera (720p–1080p): Stream live video to your phone and capture crystal-clear photos and videos.

 Real-Time FPV Transmission: View live footage instantly via WiFi using your smartphone app.

 Foldable & Portable Design: Easy to carry anywhere — fits neatly in your backpack or pocket.

 Dual Control Options: Fly using the included remote or through your mobile app.

 Long Battery Life: Extended flight time for longer aerial sessions and more fun.

 Easy for Beginners: One-key takeoff/landing, altitude hold, and headless mode make flying simple and stable.

 LED Lights: Fly safely at night with built-in LED navigation lights.",images/E99 Drone Pro  WiFi Real-Time HD Camera Drone/img1.jpg|images/E99 Drone Pro  WiFi Real-Time HD Camera Drone/img2.jpg|images/E99 Drone Pro  WiFi Real-Time HD Camera Drone/img3.jpg|images/E99 Drone Pro  WiFi Real-Time HD Camera Drone/img4.jpg,https://iqracart.com/product/e99-drone-pro-wifi-real-time-hd-camera-drone/
Elegant Women’s Handbag with Scarf Handle Top Handle Purse Luxury,"99 د.إ 
Original price was: 99 د.إ.
79 د.إ
Current price is: 79 د.إ.","Add timeless elegance to your look with this beautifully crafted women’s handbag. Featuring a luxurious textured finish, gold-tone frame lock, and a stylish scarf-wrapped handle, this bag is perfect for both formal occasions and everyday sophistication.

Make a statement of refined elegance with this premium women’s top-handle handbag. Designed with a ribbed textured exterior and a classic gold-tone metal frame, this handbag blends modern fashion with timeless charm.

The scarf-wrapped handle adds a unique, feminine touch, while the structured silhouette keeps your essentials secure and organized. Spacious enough for daily necessities yet stylish enough for events, this handbag is a versatile must-have for every wardrobe.

Whether you’re heading to a formal event, office meeting, or casual outing, this bag elevates your outfit effortlessly.",images/Elegant Womens Handbag with Scarf Handle Top Handle Purse Luxury/img1.jpg|images/Elegant Womens Handbag with Scarf Handle Top Handle Purse Luxury/img2.jpg|images/Elegant Womens Handbag with Scarf Handle Top Handle Purse Luxury/img3.jpg|images/Elegant Womens Handbag with Scarf Handle Top Handle Purse Luxury/img4.jpg,https://iqracart.com/product/elegant-womens-handbag-with-scarf-handle-premium-textured-top-handle-purse-maroon/
"Energizing Coffee Scrub for Cellulite, Stretch Marks & Glowing Skin (500ml)","85 د.إ 
Original price was: 85 د.إ.
72 د.إ
Current price is: 72 د.إ.","Your Ultimate Wake-Up Call for Beautiful Skin!

Transform your shower into an energizing spa experience with our Premium Coffee Scrub. This isn’t just a scrub; it’s a complete skin revitalizer. The rich blend of natural exfoliants—coffee granules, salt, and sugar—works in harmony to provide a deep, satisfying polish that removes impurities and buffs away dull, dead skin, leaving your body feeling silky smooth.

But the magic of coffee goes deeper. The natural caffeine is a powerhouse for your skin, stimulating blood flow to effectively target and reduce the appearance of cellulite and tighten sagging skin. This invigorating action also makes it a fantastic tool for preventing stretch marks and even helps lighten stubborn dark circles under the eyes.

Consider this your go-to natural solution for achieving a firmer, brighter, and more even-toned complexion. Indulge in the aromatic, rich texture and emerge with skin that not only feels incredible but looks absolutely radiant.

 

How to Use

 

Apply the scrub to your wet body during a shower or bath.
Massage the product into your skin using continuous circular motions for five minutes, focusing on areas with cellulite, stretch marks, or roughness.
Rinse thoroughly with lukewarm water.
After patting your skin dry, it is highly recommended to apply a moisturizer to lock in hydration for the best results.
Use 2-3 times per week.

 

Ingredients

 

Formulated with a potent blend of natural exfoliants including Coffee Granules, Sea Salt, and Sugar. Enriched with Vitamin E and other nourishing ingredients to leave skin soft and hydrated.

(Please note: The full ingredient list on the packaging is not clearly legible. This description is based on the key ingredients mentioned in the product’s benefit description.)

 

Product Specifications

 

Product: Premium Coffee Scrub
Key Benefits: Cellulite Reduction, Exfoliation, Skin Firming, Brightening
Key Ingredients: Coffee Granules, Sea Salt, Sugar, Vitamin E
Area of Use: Body (can be used gently on under-eye circles as per label)
Skin Type: All Skin Types
Container Size: 500ml (Assumed standard size)

 ",images/Energizing Coffee Scrub for Cellulite Stretch Marks  Glowing Skin 500ml/img1.jpg|images/Energizing Coffee Scrub for Cellulite Stretch Marks  Glowing Skin 500ml/img2.jpg|images/Energizing Coffee Scrub for Cellulite Stretch Marks  Glowing Skin 500ml/img3.jpg|images/Energizing Coffee Scrub for Cellulite Stretch Marks  Glowing Skin 500ml/img4.jpg,https://iqracart.com/product/energizing-coffee-scrub-for-cellulite-stretch-marks-glowing-skin-500ml/
Lavish 1000 Zahra Bukhoor – 83g Premium Oriental Incense,"85 د.إ 
Original price was: 85 د.إ.
73 د.إ
Current price is: 73 د.إ.","Elevate the ambiance of your home with the luxurious scent of Lavish 1000 Zahra Bukhoor, a premium Arabic incense crafted to create a warm, inviting, and spiritually uplifting atmosphere. Infused with traditional Middle Eastern fragrance notes, this exquisite bukhoor releases a rich, lingering aroma that transforms any space into a haven of peace and elegance.

Whether used for special occasions, daily rituals, or spiritual practices, 1000 Zahra offers a deeply captivating scent experience that leaves a lasting impression.

 Key Features

 Premium Oriental Aroma – A rich, classic blend of traditional oud and floral notes for a deeply soothing fragrance experience.

 Versatile Use – Perfect for homes, mosques, offices, salons, hotels, and special gatherings.

 Long-Lasting Fragrance – Just a small piece of bukhoor fills your space with an elegant scent that lingers for hours.

 Perfect for Rituals & Relaxation – Ideal for spiritual practices, meditation, and creating a calming atmosphere.

 Luxury Packaging – Elegant black matte jar and premium box, making it a thoughtful gift for loved ones.

 Product Details

Brand: Lavish Perfumes

Product Name: 1000 Zahra Bukhoor

Type: Premium Arabic Incense

Weight: 83g

Usage: Home fragrance, prayer, meditation, celebrations

Packaging: Premium matte black jar with secure lid",images/Lavish 1000 Zahra Bukhoor  83g Premium Oriental Incense/img1.jpg|images/Lavish 1000 Zahra Bukhoor  83g Premium Oriental Incense/img2.jpg|images/Lavish 1000 Zahra Bukhoor  83g Premium Oriental Incense/img3.jpg,https://iqracart.com/product/lavish-1000-zahra-bukhoor-83g-premium-oriental-incense/
Kuwait Shop White Silk Musk – Luxurious Long-Lasting Perfume,"60 د.إ 
Original price was: 60 د.إ.
55 د.إ
Current price is: 55 د.إ.","Embrace a Scent of Pure Sophistication.

Discover the timeless allure of White Silk Musk from Kuwait Shop, a fragrance that embodies elegance and purity. Considered one of the most luxurious natural musks, its scent is both delicate and captivating. This is more than just a perfume; it’s an intimate ritual of fragrance and care.

The creamy, rich texture glides onto the skin, releasing a beautiful musk aroma that lasts all day long. Formulated with skin-softening glycerin, it not only perfumes but also moisturizes, leaving your skin feeling supple and smooth to the touch.

Its gentle composition makes it perfectly suited for application on the whole body, including sensitive areas, making it an essential part of your personal care routine for a lasting feeling of cleanliness and confidence. Housed in elegant packaging and produced under strict GMP and ISO quality standards, Kuwait Shop’s White Silk Musk is a touch of everyday luxury.

 

How to Use

 

Take a small amount of the White Silk Musk onto your fingertips.
Gently apply to pulse points such as the neck, wrists, and behind the ears.
It can also be applied to the body and sensitive areas for a clean, long-lasting fragrance.
Use as desired, especially after bathing for a refreshing experience.

 

Ingredients

 

White Silk Musk, Glycerin.

 

Product Specifications

 

Brand: Kuwait Shop
Product Name: White Silk Musk (مسك الحرير الأبيض)
Product Type: Body Musk / Perfume
Key Benefits: Long-Lasting Fragrance, Moisturizing, Softening
Area of Use: Body, Pulse Points, Sensitive Areas
Certifications: GMP, ISO 9001, ISO 22716",images/Kuwait Shop White Silk Musk  Luxurious Long-Lasting Perfume/img1.jpg|images/Kuwait Shop White Silk Musk  Luxurious Long-Lasting Perfume/img2.jpg|images/Kuwait Shop White Silk Musk  Luxurious Long-Lasting Perfume/img3.jpg,https://iqracart.com/product/kuwait-shop-white-silk-musk-luxurious-long-lasting-perfume-for-body-sensitive-areas/
Kuwait Shop VIP Musk – Luxurious & Distinctive All-Day Fragrance (6ml),"60 د.إ 
Original price was: 60 د.إ.
55 د.إ
Current price is: 55 د.إ.","Unlock an Exclusive World of Fragrance.

Step into the spotlight with Kuwait Shop Musk VIP, the signature scent for the discerning individual. Housed in elegant packaging, this fragrance is the definition of luxury. It is a bold, distinctive musk that sets you apart, crafted to be as unique and memorable as you are.

From the very first touch, this opulent musk captivates the senses with its rich and sophisticated character. Its masterfully blended formula ensures remarkable longevity, enveloping you in a captivating aura that lasts all day without fading.

More than just a perfume, the VIP Musk cares for your skin with its moisturizing glycerin base, leaving it feeling silky smooth. This is the perfect fragrance for special occasions or for any day you want to feel exceptionally confident and chic. Trust in the certified quality of Kuwait Shop for a truly VIP fragrance experience.

 

How to Use

 

Apply a small amount of the concentrated musk oil onto your fingertips.
Gently dab onto pulse points such as the neck, wrists, and behind the ears for a scent that diffuses with your body heat.
It can also be applied to the body and sensitive areas for an all-over luxurious feel.
Use as desired to command attention and feel your best.

 

Ingredients

 

Musk, Glycerin.

Warning: For external use only.

 

Product Specifications

 

Brand: Kuwait Shop
Product Name: Kuwait Shop Musk VIP
Product Type: Concentrated Perfume Oil / Body Musk
Scent Profile: Luxurious, Distinctive, Rich Musk
Key Benefits: Long-Lasting Fragrance, Moisturizing
Area of Use: Body, Pulse Points, Sensitive Areas
Volume: 6 ml
Certifications: GMP, ISO 9001
Origin: Made in Kuwait",images/Kuwait Shop VIP Musk  Luxurious  Distinctive All-Day Fragrance 6ml/img1.jpg|images/Kuwait Shop VIP Musk  Luxurious  Distinctive All-Day Fragrance 6ml/img2.jpg|images/Kuwait Shop VIP Musk  Luxurious  Distinctive All-Day Fragrance 6ml/img3.jpg,https://iqracart.com/product/kuwait-shop-vip-musk-luxurious-distinctive-all-day-fragrance-6ml/
Kuwait Shop Pomegranate Musk – 12ml Fruity & Sensual Scent,"60 د.إ 
Original price was: 60 د.إ.
55 د.إ
Current price is: 55 د.إ.","A Scent that Bursts with Life and Sensuality.

Experience a delightful fusion of fruit and musk with this exquisite Pomegranate Musk from Kuwait Shop. This fragrance is a celebration of contrasts, opening with the tart, juicy, and uplifting notes of fresh pomegranate, which then mellow into the warm, sensual, and timeless embrace of pure musk.

The result is a unique and sophisticated scent that is both playful and elegant. Its skin-loving formula is infused with glycerin, which provides a touch of moisture and softness with every application. It’s the perfect choice for those who love a fragrance that is fresh, fruity, and distinctly memorable.

Whether you’re starting your day or preparing for a special evening, a dab of Pomegranate Musk provides an instant boost of confidence and charm. Trust in the certified quality of Kuwait Shop for a pure and beautiful fragrance experience.

 

How to Use

 

Apply a small amount of the Pomegranate Musk onto your fingertips.
Gently dab onto pulse points such as the neck, wrists, and behind the ears.
It can also be applied to the body and sensitive areas for a wonderful, all-over scent.
For best results and a lasting feeling of freshness, apply after a shower. Use as desired.

 

Ingredients

 

Musk, Pomegranate Perfume, Glycerin.

Product Specifications
Brand: Kuwait Shop
Product Name: Pomegranate Musk (مسك الرمان)
Product Type: Body Musk / Perfume
Scent Profile: Fruity, Sweet, Musk
Key Benefits: Long-Lasting Fragrance, Moisturizing
Area of Use: Body, Pulse Points, Sensitive Areas
Volume: 12 ml
Certifications: GMP, ISO 9001
Origin: Made in Kuwait",images/Kuwait Shop Pomegranate Musk  12ml Fruity  Sensual Scent/img1.jpg|images/Kuwait Shop Pomegranate Musk  12ml Fruity  Sensual Scent/img2.jpg|images/Kuwait Shop Pomegranate Musk  12ml Fruity  Sensual Scent/img3.jpg|images/Kuwait Shop Pomegranate Musk  12ml Fruity  Sensual Scent/img4.jpg,https://iqracart.com/product/kuwait-shop-pomegranate-musk-fruity-sensual-fragrance-12ml/
Kuwait Shop Pomegranate Musk – 12ml Fruity & Sensual Scent,"60 د.إ 
Original price was: 60 د.إ.
55 د.إ
Current price is: 55 د.إ.","Experience the Essence of Pure Cleanliness.

Discover the subtle elegance of Powder Musk by Kuwait Shop, a fragrance designed for those who appreciate clean, understated sophistication. This unique blend captures the nostalgic and comforting essence of a pure powder scent, perfectly balanced with the depth of a luxurious musk base. It’s the ultimate “your skin, but better” fragrance.

From the moment you apply it, this musk envelops you in a delicate cloud of freshness that stays with you throughout the day. The simple, high-quality formula is enriched with glycerin, which means it not only imparts a beautiful scent but also helps to moisturize and soften your skin.

Ideal for use after a warm shower, it enhances your natural clean scent, making you feel refreshed and confident. Produced under strict international quality standards, this is a fragrance you can trust for its purity and gentleness.

 

How to Use

 

Take a small amount of the Powder Musk onto your fingertip.
Gently apply to pulse points like the neck, wrists, and behind the ears. It can also be applied to the body and sensitive areas.
For the best experience, apply to clean, dry skin, preferably after a shower, to enjoy a prolonged feeling of freshness. Use as desired.

 

Ingredients

 

Musk, Powder Fragrance, Glycerin.

 

Product Specifications

 

Brand: Kuwait Shop
Product Name: Powder Musk (مسك بودر)
Product Type: Body Musk / Perfume
Scent Profile: Clean, Soft, Powdery
Key Benefits: Long-Lasting Freshness, Moisturizing
Area of Use: Body, Pulse Points, Sensitive Areas
Volume: 12 ml
Certifications: GMP, ISO 9001",images/Kuwait Shop Pomegranate Musk  12ml Fruity  Sensual Scent/img1.jpg|images/Kuwait Shop Pomegranate Musk  12ml Fruity  Sensual Scent/img2.jpg|images/Kuwait Shop Pomegranate Musk  12ml Fruity  Sensual Scent/img3.jpg|images/Kuwait Shop Pomegranate Musk  12ml Fruity  Sensual Scent/img4.jpg,https://iqracart.com/product/kuwait-shop-powder-musk-clean-fresh-scent-for-all-day-wear-12ml/
JUST ONE Shapers – Seamless Waist Shapewear,"55 د.إ 
Original price was: 55 د.إ.
45 د.إ
Current price is: 45 د.إ.","Achieve a smooth, sculpted silhouette instantly with JUST ONE Shapers Seamless Waist Shapewear. Designed with advanced compression technology and a seamless finish, this shapewear offers exceptional support and comfort while remaining invisible under your clothes. Perfect for daily wear, special occasions, or anytime you want that extra boost of confidence.
 Key Features

High-Waist Design – Targets your waist and tummy for a slimmer, more defined midsection.

360° Compression Support – Firms and shapes your waist, hips, and thighs without discomfort.

Seamless Construction – Smooth finish ensures no visible lines under dresses, skirts, or pants.

Butt-Lifting Design – Enhances your natural curves with a subtle lift and defined shape.

Breathable & Stretchable Fabric – Lightweight, moisture-wicking material for all-day comfort.

Non-Slip Waistband – Stays in place without rolling down, even during movement.",images/JUST ONE Shapers  Seamless Waist Shapewear/img1.jpg|images/JUST ONE Shapers  Seamless Waist Shapewear/img2.jpg|images/JUST ONE Shapers  Seamless Waist Shapewear/img3.jpg|images/JUST ONE Shapers  Seamless Waist Shapewear/img4.jpg|images/JUST ONE Shapers  Seamless Waist Shapewear/img5.jpg,https://iqracart.com/product/just-one-shapers-seamless-waist-shapewear/
Impex Hunter Z Rechargeable Tactical LED Flashlight IPX5 Zoom,"59 د.إ 
Original price was: 59 د.إ.
45 د.إ
Current price is: 45 د.إ.","The Impex Hunter Z: Your Reliable Source of Light in Any Condition.

Engineered for performance and durability, the Impex Hunter Z is the ultimate tactical flashlight for professionals, outdoor enthusiasts, and emergency preparedness. Built with Aircraft Non-Corrosive Aluminum, it features an IPX5 Waterproof rating, ensuring flawless operation in rain and rugged environments. Easily adjust the beam with the Zoom Adjustment feature, and rely on the peace of mind provided by our comprehensive 2-Year Warranty. See farther, survive tougher.",images/Impex Hunter Z Rechargeable Tactical LED Flashlight IPX5 Zoom/img1.jpg|images/Impex Hunter Z Rechargeable Tactical LED Flashlight IPX5 Zoom/img2.jpg|images/Impex Hunter Z Rechargeable Tactical LED Flashlight IPX5 Zoom/img3.jpg|images/Impex Hunter Z Rechargeable Tactical LED Flashlight IPX5 Zoom/img4.jpg,https://iqracart.com/product/impex-hunter-z-rechargeable-tactical-led-flashlight-ipx5-waterproof-zoomable-aircraft-grade-aluminum/
Head Massager for Scalp Relief with Flexible Multi-Point Arms,"79 د.إ 
Original price was: 79 د.إ.
59 د.إ
Current price is: 59 د.إ.","Instant Stress Relief: Experience the Calming Head Massager

Unwind and melt away tension with this simple yet revolutionary Head Massager. Designed with Flexible Arms and smooth tips, it provides a gentle, tingling sensation that stimulates nerve endings in your scalp. It’s an effective, simple tool for Scalp Relief and promoting a sense of calm. The Multi-Point Massage ensures comprehensive coverage, while the No Noise operation lets you truly sink into a state of quiet relaxation, anytime, anywhere.",images/Head Massager for Scalp Relief with Flexible Multi-Point Arms/img1.jpg|images/Head Massager for Scalp Relief with Flexible Multi-Point Arms/img2.jpg|images/Head Massager for Scalp Relief with Flexible Multi-Point Arms/img3.jpg,https://iqracart.com/product/head-massager-for-scalp-relief-flexible-arms-multi-point-relaxation-tool/
Hamda Bukhoor – Premium Long-Lasting Home Fragrance,"75 د.إ 
Original price was: 75 د.إ.
62 د.إ
Current price is: 62 د.إ.","Transform your home into a sanctuary of elegance with Lavish Hamda Bukhoor – a premium Arabic incense crafted to infuse your space with luxurious, long-lasting fragrance. Perfect for special occasions, daily relaxation, or spiritual rituals, this bukhoor combines rich traditional aromas with a modern touch, leaving your home smelling divine.

 Key Features

 Luxurious Fragrance: A deep, captivating scent that uplifts any space instantly.

 Premium Quality Ingredients: Made from fine natural resins and aromatic oils.

 Versatile Use: Ideal for homes, mosques, offices, or special gatherings.

 Long-Lasting Aroma: Just a small piece releases hours of rich fragrance.

 Elegant Packaging: Sleek, premium jar – perfect for gifting or personal use.",images/Hamda Bukhoor  Premium Long-Lasting Home Fragrance/img1.jpg|images/Hamda Bukhoor  Premium Long-Lasting Home Fragrance/img2.jpg|images/Hamda Bukhoor  Premium Long-Lasting Home Fragrance/img3.jpg,https://iqracart.com/product/hamda-bukhoor-premium-long-lasting-home-fragrance/
Fully Automatic Electric Fruit Peeler One-Touch Skin Remover,"65 د.إ 
Original price was: 65 د.إ.
57 د.إ
Current price is: 57 د.إ.","Make food preparation faster and easier with this Fully Automatic Electric Fruit Peeler, designed to peel small fruits quickly and effortlessly at the touch of a button. Perfect for busy kitchens, this smart appliance removes fruit skins evenly while keeping the flesh intact.

Ideal for grapes, cherry tomatoes, kiwi, and similar fruits, the peeler features a compact, user-friendly design with a transparent container so you can watch the peeling process in action. Simply add the fruit, press the button, and let the machine do the work for you.

Whether you’re preparing fruit salads, desserts, snacks, or meals for kids, this electric peeler saves time, reduces mess, and ensures consistent results every time. Its modern design and easy operation make it a practical addition to any home kitchen.",images/Fully Automatic Electric Fruit Peeler One-Touch Skin Remover/img1.jpg|images/Fully Automatic Electric Fruit Peeler One-Touch Skin Remover/img2.jpg|images/Fully Automatic Electric Fruit Peeler One-Touch Skin Remover/img3.jpg|images/Fully Automatic Electric Fruit Peeler One-Touch Skin Remover/img4.jpg,https://iqracart.com/product/fully-automatic-electric-fruit-peeler-one-touch-skin-remover-for-grapes-cherry-tomatoes-kiwi-more/
FlameGlow LED Lantern Speaker with Bluetooth Flame Effect Light,"55 د.إ 
Original price was: 55 د.إ.
45 د.إ
Current price is: 45 د.إ.","Bring the cozy glow of a campfire and the crisp clarity of wireless music wherever you go with the FlameGlow™ Portable LED Lantern Speaker.

This isn’t just a speaker—it’s a mood-maker. Designed with a stunning, Realistic LED Flame Effect, it casts a warm, flickering light that instantly elevates any setting, from a backyard gathering to a quiet evening indoors. Forget messy candles and bulky equipment; the FlameGlow™ features a sleek, Portable Design with a convenient carry handle, making it your ideal companion for camping, picnics, patio lounging, or bedside relaxation.

Connect instantly via Bluetooth Wireless Speaker functionality to stream your favorite playlists, podcasts, or ambient sounds. With its Rechargeable Battery and Easy Controls, the FlameGlow™ provides hours of combined light and music, ensuring the good times—and the great atmosphere—keep rolling.",images/FlameGlow LED Lantern Speaker with Bluetooth Flame Effect Light/img1.jpg|images/FlameGlow LED Lantern Speaker with Bluetooth Flame Effect Light/img2.jpg|images/FlameGlow LED Lantern Speaker with Bluetooth Flame Effect Light/img3.jpg|images/FlameGlow LED Lantern Speaker with Bluetooth Flame Effect Light/img4.jpg,https://iqracart.com/product/the-flameglow-portable-led-lantern-speaker-wireless-bluetooth-realistic-flame-effect/
Fitente Men’s Body Sculpting Vest – Slimming Compression Tank,"65 د.إ 
Original price was: 65 د.إ.
50 د.إ
Current price is: 50 د.إ.","Regain your confidence and transform your figure in seconds with the Fitente Men’s Body Sculpting Vest. This advanced compression shirt is the ultimate solution for men looking to smooth their torso and achieve a more toned, athletic appearance instantly.

As shown in the “before and after” visuals, this vest gets to work the moment you put it on, transforming a “wearing belly” into a “tight abdomen.”

How It Works:

Abdominal & Waist Contraction: The vest features a unique, special texture weave that specifically targets the abdomen. This design provides effective contraction of abdominal fat, giving you a “thin waist” and a powerful slimming effect.
Chest Lightening: A high-density elastic pressure fabric applies firm compression to the chest, helping to flatten and smooth excess fat for a more masculine and defined pectoral look.
Full Body Shaping: The “core set” design provides 360-degree support, fitting close to the body to produce a soft, sustained extrusion on muscles. This helps to conceal fat accumulation and shape your entire upper body for a “perfect figure.”

It’s not just a shaper; it’s a versatile garment. Its discreet design makes it ideal for daily wear under work shirts or suits, giving you a sleek silhouette during important meetings. It also functions perfectly as a compression layer for fitness, cycling, and other physical activities to support your core and enhance your shape.

 

Product Specifications

 

Brand: Fitente
Model: ST-7562
Product: Men’s Body Sculpting Vest
Primary Function: Abdominal compression, waist slimming, chest shaping
Available Colors: Black, Grey (based on packaging)
Available Sizes: S, M, L, XL, XXL
Material: High-Density Elastic Pressure Fabric
Use Cases: Daily wear, work, business, fitness, cycling",images/Fitente Mens Body Sculpting Vest  Slimming Compression Tank/img1.jpg|images/Fitente Mens Body Sculpting Vest  Slimming Compression Tank/img2.jpg|images/Fitente Mens Body Sculpting Vest  Slimming Compression Tank/img3.jpg|images/Fitente Mens Body Sculpting Vest  Slimming Compression Tank/img4.jpg|images/Fitente Mens Body Sculpting Vest  Slimming Compression Tank/img5.jpg,https://iqracart.com/product/fitente-mens-body-sculpting-vest-thin-waist-slimming-compression-tank-top-model-st-7562/
